title,author,date
Restitution,By: Leigh Rivers,Release date: 09-19-25
Under Siege,"By: Eric Trump, Donald J. Trump",Release date: 10-14-25
Tol-Saroth,"By: Neven Iliev, Ian Molnar - editor",Release date: 09-23-25
Bourbon and Proof,By: Victoria Wilder,Release date: 09-26-25
The Radio Gunner,By: Alexander Forbes,Release date: 09-08-25
Nobody's Girl,By: Virginia Roberts Giuffre,Release date: 10-21-25
A Word with the Dead,By: Rhys Dylan,Release date: 09-12-25
Shifting Shadows,By: Patricia Briggs,Release date: 09-16-25
Dungeon Diving 204,By: Bruce Sentar,Release date: 09-08-25
107 Days,By: Kamala Harris,Release date: 09-23-25
"1% Lifesteal, Volume 3",By: Robert Blaise,Release date: 09-17-25
Grim,"By: Joe Arden, D J Krimmer",Release date: 10-07-25
"SUMMARY, THE FORBIDDEN LAWS OF REALITY","By: Lucian Vale, Kalen Junior",Release date: 09-11-25
Harry Potter and the Sorcerer’s Stone (Full-Cast Edition),By: J.K. Rowling,Release date: 11-04-25
Behind a Locked Door,By: Sarah A. Denzil,Release date: 09-04-25
The War of Two Queens (Part 2 of 2) (Dramatized Adaptation),By: Jennifer L. Armentrout,Release date: 10-29-25
Harry Potter and the Chamber of Secrets (Full-Cast Edition),By: J.K. Rowling,Release date: 12-16-25
Scared Sexy,"By: Ali Hazelwood, Christina Lauren, J.T. Geissinger, Ruby Dixon, Katee Robert, Kimberly Lemming",Release date: 09-23-25
Antihero,By: Gregg Hurwitz,Release date: 02-10-26
The Key Note,By: Clara Louise Burnham,Release date: 08-28-25
Tourist Season,By: Brynne Weaver,Release date: 09-23-25
Brimstone,By: Callie Hart,Release date: 11-18-25
"Workbooks for Kids (Math, Reading, Writing)",By: Jeremy Dwayne Hills,Release date: 09-02-25
The Unselected Journals of Emma M. Lion: Vol. 5,By: Beth Brower,Release date: 09-25-25
"The Sean Kruger Series, Books 4-6",By: J. C. Fields,Release date: 09-11-25
Haunting the Hunter,By: Hanna Harp,Release date: 10-28-25
Chrysalis 6: Antvance into the Unknown,By: RinoZ,Release date: 09-02-25
Harry Potter and the Prisoner of Azkaban (Full-Cast Edition),By: J.K. Rowling,Release date: 01-13-26
Wildflowers,By: Kylie Scott,Release date: 09-09-25
Sweet Distraction,By: K. Bromberg,Release date: 09-11-25
Harry Potter and the Half-Blood Prince (Full-Cast Edition),By: J.K. Rowling,Release date: 04-14-26
Harry Potter and the Deathly Hallows (Full-Cast Edition),By: J.K. Rowling,Release date: 05-12-26
Harry Potter and the Order of the Phoenix (Full-Cast Edition),By: J.K. Rowling,Release date: 03-10-26
The Vacation,By: Kathryn Croft,Release date: 07-31-25
Harry Potter and the Goblet of Fire (Full-Cast Edition),By: J.K. Rowling,Release date: 02-10-26
The House Guest,By: Penelope Ward,Release date: 08-31-25
We the People,By: Jill Lepore,Release date: 09-16-25
The Night Club,By: Herbert George Jenkins,Release date: 07-02-25
Blend Juice,By: Norma Kelly,Release date: 08-25-25
Without a Hitch,By: Portia MacIntosh,Release date: 08-21-25
Reckoning,By: Michael R. Miller,Release date: 09-15-25
In the Garden of Delight,By: Lily Hardy Hammond,Release date: 07-08-25
Poems & Prayers,By: Matthew McConaughey,Release date: 09-16-25
Alchemised,By: SenLinYu,Release date: 09-23-25
Leave Before I Love You,By: Max Monroe,Release date: 09-12-25
The Tale of Triona,By: William John Locke,Release date: 07-22-25
The Preparation,"By: Doug Casey, Matt Smith, Maxim Smith",Release date: 09-12-25
Night People,By: Mark Ronson,Release date: 09-16-25
How to Make Money Online,By: Grady V. Mark,Release date: 08-21-25
When You Come at the King,By: Elie Honig,Release date: 09-16-25
"Love, Death & Other Awkward Spells","By: Scott Killian, Ryan Tang",Release date: 09-16-25
Fatty Liver Diet Cookbook,By: Coleman L. Eckman,Release date: 08-18-25
Sage Creek Collection,By: Lorana Hoopes,Release date: 07-15-25
History Matters,"By: David McCullough, Dorie McCullough Lawson - contributor, Michael Hill, Jon Meacham - foreword",Release date: 09-16-25
Whiteout Survival: How to Prepare Endure and Recover from Nature's Harshest Snowstorms,By: Mary Gonzalez,Release date: 08-07-25
Replaceable You,By: Mary Roach,Release date: 09-16-25
A Twist of Luck,By: Jaymin Eve,Release date: 09-03-25
Ship Happens,By: Lauren Biel,Release date: 09-09-25
Voracious,By: Leigh Rivers,Release date: 08-22-25
Campus Battlefield,By: Charlie Kirk,Release date: 09-11-25
Crossroads of Ravens,By: Andrzej Sapkowski,Release date: 09-30-25
Ship of Prophecy Box Set: The Complete 10-Book Series,By: Scott Bartlett,Release date: 05-07-25
Rift Magus Reborn 3,By: Sam Winton,Release date: 09-10-25
Crowntide,By: Alex Aster,Release date: 12-02-25
The Adversary,"By: Brian Andrews, Jeffrey Wilson",Release date: 11-04-25
Lights Out,By: Navessa Allen,Release date: 08-04-25
Sherlock Holmes: The Definitive Collection,"By: Arthur Conan Doyle, Stephen Fry - introductions",Release date: 02-27-17
Ultimate Level 1: Ultimate Boundaries,By: Shawn Wilson,Release date: 09-15-25
My Favorite Lost Cause,By: Elizabeth O'Roark,Release date: 08-28-25
The Live-In Temptation,By: Brighton Walsh,Release date: 09-04-25
The Unselected Journals of Emma M. Lion Vol. 6,By: Beth Brower,Release date: 10-09-25
He Who Fights with Monsters: A LitRPG Adventure,"By: Shirtaloon, Travis Deverell",Release date: 03-09-21
Psychotic Obsession,By: Leigh Rivers,Release date: 09-02-25
Cher: Part Two,By: Cher,Release date: 05-19-26
Supervillain Ragnarok,By: M.D. Massey,Release date: 09-12-25
Flipping the Confidence Switch,By: Marcos Berretini,Release date: 08-20-25
All Your Deadly Truths,By: M. L. Burns,Release date: 09-15-25
Juice That Lasts,By: Danielle Stevenson,Release date: 08-25-25
Digital Marketing Strategy,By: Dong K. Vega,Release date: 08-27-25
"Idylls of the Sea, and Other Marine Sketches",By: Frank Thomas Bullen,Release date: 05-21-25
Game of Nines,"By: James Patterson, Max DiLallo",Release date: 08-07-25
The Summer Girl,By: Jenny Blackhurst,Release date: 07-24-25
The Ruin,By: Dervla McTiernan,Release date: 09-09-25
Chasing the Sky,By: Minerva Zimmerman,Release date: 08-20-25
Twelve Months,By: Jim Butcher,Release date: 01-20-26
Ready to Haul - The Essential Guide for New Truck Drivers,By: Georgiana Pride,Release date: 08-28-25
Mastering the Rhythm of Rest,By: Edward Lee,Release date: 08-28-25
Ruthless Mogul,By: Scarlett Avery,Release date: 09-10-25
Dealing with Feeling,By: Marc Brackett Ph.D.,Release date: 09-16-25
Twelve from Hell 3,By: Ryan Green,Release date: 09-11-25
Cry Havoc,By: Jack Carr,Release date: 10-07-25
Save the Cat!® Writes Horror,By: Jamie Nash,Release date: 09-11-25
From Hiding to Healing,By: Emily Martinez,Release date: 08-20-25
Mistaken Identity,By: Lani Lynn Vale,Release date: 09-08-25
The Biblio Diet,"By: Jordan Rubin, Joshua Axe",Release date: 09-16-25
Smokescreen,By: Sam Burns,Release date: 09-10-25
The Sheriff and the Space Marine,By: M.R. Forbes,Release date: 09-12-25
Wraithwood Botanist 2,By: Little Lynx,Release date: 09-10-25
Exit Strategy,"By: Lee Child, Andrew Child",Release date: 11-11-25
The Modern Collector’s Journey,By: Erica Jones,Release date: 09-08-25
Stolen in Death,By: J. D. Robb,Release date: 02-03-26
The Menopause Moment,By: Kelly Casperson M.D.,Release date: 09-16-25
Mafia Kings: Roberto,By: Olivia Thorn,Release date: 09-08-25
The Ultimate Outdoor Wellness Kits Handbook Crafting Customizing,By: Cindy Romano,Release date: 07-25-25
Twice in a Lifetime,By: Briana J Newstead,Release date: 09-11-25
At Her Service,By: Anna Stone,Release date: 09-08-25
Finding the One,By: Kristen Ashley,Release date: 09-09-25
Time for a Turning Point,"By: Charlie Kirk, Brent Hamachek",Release date: 09-11-25
One Vote for Murder,By: S. C. Wynne,Release date: 09-09-25
The End of Insanity: Part 2,By: KamikazePotato,Release date: 09-09-25
The Gen Z Survival Guide,By: Nikolas Hobson Jr,Release date: 06-09-25
"If Anyone Builds It, Everyone Dies","By: Eliezer Yudkowsky, Nate Soares",Release date: 09-16-25
Warrior Mindset,By: Roger Gracie,Release date: 09-16-25
The Return of Ruby Darling,By: Leeanne Slade,Release date: 08-07-25
Torrent Witches Cozy Mysteries Complete Box Set: Books 1-10,By: Tess Lake,Release date: 04-27-22
Magebreaker 3,By: Declan Court,Release date: 09-10-25
Passage of Time Complete Collection: Missions 1-16,By: J.S. Morin,Release date: 08-26-25
Tomorrow Is Yesterday,"By: Hussein Agha, Robert Malley",Release date: 09-16-25
The Impossible Fortune,By: Richard Osman,Release date: 09-30-25
The Art of Knowing Birds,By: Donna Rosario,Release date: 08-07-25
The Chateau,By: Avery Bishop,Release date: 08-21-25
Pumpkin Spice & Everything Nice,By: Katie Cicatelli-Kuc,Release date: 09-16-25
Confidence,By: Morgan Heimsworth,Release date: 03-26-25
Among the Burning Flowers,"By: Samantha Shannon, Kate MacDonald",Release date: 09-16-25
The Black Wolf,By: Louise Penny,Release date: 10-28-25
Wild Thing in Captivity,By: Elisha Daeva,Release date: 05-10-24
The Academy,"By: Elin Hilderbrand, Shelby Cunningham",Release date: 09-16-25
Elancer,By: Jane Washington,Release date: 09-10-25
The Eye of the Bedlam Bride,By: Matt Dinniman,Release date: 09-01-23
The Signs,By: Tara Swart MD PhD,Release date: 09-16-25
Settlement Stone,By: Rhea Zulu,Release date: 09-10-25
The Chronicles of Narnia Complete Audio Collection,By: C. S. Lewis,Release date: 12-27-19
Wings Wonder and Whimsy,By: Jennifer Andreas,Release date: 08-08-25
Gray Dawn,By: Walter Mosley,Release date: 09-16-25
7 Habits of a Super Attractor,By: Gabrielle Bernstein,Release date: 09-04-25
Gathering Storms,By: Bainin,Release date: 09-05-25
Cartel Queen 2,By: JaQuavis Coleman,Release date: 09-05-25
A Most Forgettable Girl,By: Alice Coldbreath,Release date: 09-08-25
House of Earth and Blood,By: Sarah J. Maas,Release date: 03-03-20
"The Weakest Tamer Began a Journey to Pick Up Trash, Vol. 10",By: Honobonoru500,Release date: 09-12-25
Insatiable,By: Leigh Rivers,Release date: 07-31-25
Dungeon Crawler Carl,By: Matt Dinniman,Release date: 01-28-21
Beauty in the Breakdown,By: Ferran Garcia,Release date: 08-18-25
Echoes,By: Steph Macca,Release date: 06-27-25
Uncomfortable Either Way,By: Brett Eaton,Release date: 09-09-25
The Reluctant Billionaire,By: Elodie Hart,Release date: 09-12-25
The Butcher's Masquerade,By: Matt Dinniman,Release date: 05-26-22
$100M Money Models,By: Alex Hormozi,Release date: 08-20-25
Ravage,By: Steph Macca,Release date: 07-23-25
Bend Him Break Him,By: MN Bennet,Release date: 09-15-25
Unbroken,By: Nyssa Kathryn,Release date: 09-12-25
Black Notice,By: Joy Ellis,Release date: 09-16-25
The Life Reset Button,By: Marco Stitipas,Release date: 07-17-25
Mastering the Art of Coffee Brewing at Home,By: Drake Lamer,Release date: 07-22-25
All the Way to the River,"By: Elizabeth Gilbert, Britt Somann-Jung – Übersetzer",Release date: 09-10-25
Axe-ing for Trouble,By: Daphne Elliot,Release date: 09-08-25
King of the Damned,By: Ariel N. Anderson,Release date: 09-16-25
Room 27 (English Edition),By: Ariana Godoy,Release date: 08-14-25
Murder on the Marlow Belle,By: Robert Thorogood,Release date: 09-16-25
Flybot,By: Dennis E. Taylor,Release date: 06-26-25
Words of Radiance,By: Brandon Sanderson,Release date: 03-04-14
Untapped,By: Dakota Krout,Release date: 08-11-25
Men of Fire Beach Collection,By: Lorana Hoopes,Release date: 03-24-20
Together at Heart,By: Clifford Caroline,Release date: 08-06-25
Iron Flame,By: Rebecca Yarros,Release date: 11-07-23
Morning Star,By: Pierce Brown,Release date: 02-09-16
A Game of Thrones,By: George R.R. Martin,Release date: 12-09-03
The Two Towers,By: J. R. R. Tolkien,Release date: 09-16-21
Defiance of the Fall 15,"By: TheFirstDefier, JF Brink",Release date: 07-16-25
Golden Son,By: Pierce Brown,Release date: 01-06-15
"Disciple of the Lich: Or How I Was Cursed by the Gods and Dropped into the Abyss!, Vol. 2",By: Necoco,Release date: 09-12-25
Other People's Houses,By: Clare Mackintosh,Release date: 09-16-25
Breakneck Bay,By: Faith Gardner,Release date: 09-09-25
Onyx Storm (Part 1 of 2) (Dramatized Adaptation),By: Rebecca Yarros,Release date: 05-07-25
A More Excellent Way: Be in Health,By: Henry Wright,Release date: 09-08-25
Coerce,By: Candice Wright,Release date: 09-04-25
The Primal of Blood and Bone,By: Jennifer L. Armentrout,Release date: 09-23-25
El último secreto [The Secret of Secrets],By: Dan Brown,Release date: 09-09-25
Exalted Fate,By: Kingsley Khan,Release date: 09-10-25
Onyx Storm (Part 2 of 2) (Dramatized Adaptation),By: Rebecca Yarros,Release date: 07-02-25
Pride and Prejudice,"By: Jane Austen, Lulu Raczka",Release date: 09-09-25
Crazy in Love,By: Laura Pavlov,Release date: 09-30-25
Men of Fire Beach Full Collection,By: Lorana Hoopes,Release date: 07-14-25
Fluent,By: Ashlee Mack,Release date: 09-12-25
Red Rising,By: Pierce Brown,Release date: 01-28-14
A Curse of Fate,By: Jaymin Eve,Release date: 07-16-25
Weather Wonders for Little Learners Fun and Easy Science Projects to Explore Rain Winds Clouds and More,By: Sanchez Rickard,Release date: 08-11-25
Still Mad About You,By: Liz Maverick,Release date: 08-28-25
The Beekeeper's Question,By: Christina Baldwin,Release date: 09-08-25
The Holy Bible: King James Version,By: King James Bible,Release date: 11-17-20
A Court of Wings and Ruin,By: Sarah J. Maas,Release date: 05-02-17
The End of the World as We Know It,"By: Christopher Golden - contributor, Brian Keene - contributor, Stephen King - introduction",Release date: 08-19-25
Mastering Office Politics,By: John Hopkins,Release date: 08-27-25
Wild Card,By: Elsie Silver,Release date: 09-09-25
The Sixth Extinction (Tenth Anniversary Edition),By: Elizabeth Kolbert,Release date: 04-16-24
Hunted,By: Joshua Dalzelle,Release date: 09-09-25
House of Sky and Breath,By: Sarah J. Maas,Release date: 02-15-22
Marauder,By: Seth Ring,Release date: 09-23-25
Reading the Sky,By: Thomas Furtado,Release date: 08-04-25
The Wandering Inn,By: pirateaba,Release date: 09-10-19
How Can We Find Reality?,By: Nanette Fong,Release date: 12-23-24
The Grand Heist,"By: Elle Gray, K.S. Gray",Release date: 09-08-25
Immoral,"By: Brooke Blaine, Ella Frank",Release date: 09-16-25
Empire of Storms,By: Sarah J. Maas,Release date: 09-06-16
Spark and Shadow,By: Trisha Thacker,Release date: 09-10-25
The Fallen and the Kiss of Dusk,By: Carissa Broadbent,Release date: 08-05-25
Texas Tornadoes Full Collection,By: Lorana Hoopes,Release date: 07-15-25
Eco Friendly Travel Tips,By: Tapani Sulin,Release date: 06-26-25
Crown of Midnight,By: Sarah J. Maas,Release date: 01-28-21
The Shattering Peace,By: John Scalzi,Release date: 09-16-25
Skill Eater,By: Magnus Grey,Release date: 09-09-25
A Court of Mist and Fury,By: Sarah J. Maas,Release date: 05-03-16
He Who Fights with Monsters 12: A LitRPG Adventure,"By: Shirtaloon, Travis Deverell",Release date: 05-20-25
All DEAD,By: T. W. Brown,Release date: 09-27-19
A Court of Thorns and Roses,By: Sarah J. Maas,Release date: 05-05-15
Sunshine and Serotonin,By: Vincent Chapin,Release date: 07-28-25
The Art of Lazy Luxe Mastering the Glamorous Chill with Effortless Fashion Fast Beauty and Luxe Living on Your Own Terms,By: Jake Kahn,Release date: 07-21-25
Seasonal Joy Mapping,By: Jake Bernstein,Release date: 07-21-25
The No Routine Lifestyle,By: Lois Stump,Release date: 07-24-25
The Jane Austen Collection,By: Jane Austen,Release date: 11-05-20
The Hobbit,By: J. R. R. Tolkien,Release date: 09-21-20
Left Behind,"By: Tim LaHaye, Jerry B. Jenkins",Release date: 09-16-25
Throne of Glass,By: Sarah J. Maas,Release date: 01-28-21
"Harry Potter and the Sorcerer's Stone, Book 1",By: J.K. Rowling,Release date: 11-20-15
Take Control of Your Life,By: Mel Robbins,Release date: 02-07-19
Isolated,By: A.K. Evans,Release date: 09-11-25
Recalibrate,By: Mathew Bowyer,Release date: 09-05-25
The Wasp Trap,By: Mark Edwards,Release date: 09-16-25
Fourth Wing,By: Rebecca Yarros,Release date: 05-02-23
Beg for Me,By: J.T. Geissinger,Release date: 08-26-25
Run the Earth Mastering Terrain Focused Running for Speed Endurance and Injury Free Performance Across Every Landscape,By: Freddie Mercury,Release date: 07-31-25
Build Your Own Weather Station,By: Geraldine Esposito,Release date: 08-01-25
The Secret Life of Snow: Exploring the Science of Snowflakes Blizzards and Frosty Phenomena,By: Maria Fain,Release date: 08-01-25
Nailtok Dreams and Press-On Queens Mastering Viral Trends DIY Glam and Nail Care That Lasts Longer Than the Hype,By: Mercury Rising,Release date: 07-31-25
Denied Access,"By: Vince Flynn, Don Bentley",Release date: 09-30-25
False Start,By: Felice Stevens,Release date: 09-11-25
"Harry Potter and the Chamber of Secrets, Book 2",By: J.K. Rowling,Release date: 11-20-15
Kiss-Fist,"By: Cora Rose, E.M. Lindsey",Release date: 09-12-25
"Harry Potter and the Goblet of Fire, Book 4",By: J.K. Rowling,Release date: 11-20-15
Ultimate Level 1: Ultimate Truths,By: Shawn Wilson,Release date: 08-02-25
Day Trading,By: Walder Fray,Release date: 04-30-24
Transfer and Receive,By: Jason Clark,Release date: 05-28-24
The Waitress,By: K. L. Slater,Release date: 05-29-25
Artifact,By: Jeremy Robinson,Release date: 09-09-25
The Fellowship of the Ring,By: J. R. R. Tolkien,Release date: 09-16-21
The Sword of Freedom,By: Yossi Cohen,Release date: 09-16-25
"Harry Potter and the Order of the Phoenix, Book 5",By: J.K. Rowling,Release date: 11-20-15
The Second Emancipation,By: Howard W. French,Release date: 09-09-25
Rule Breaker Investing,By: David Gardner,Release date: 09-16-25
The Fury of the Forsaken,By: Franklin Horton,Release date: 08-04-25
"Harry Potter and the Prisoner of Azkaban, Book 3",By: J.K. Rowling,Release date: 11-20-15
Train with Terrain: Unlocking the Power of Natural Landscapes for Strength SpeedInjury Free Fitness,By: Mary Evan,Release date: 07-23-25
Inclusive Digital Space,By: Anna Walker,Release date: 07-29-25
The Final Empire,By: Brandon Sanderson,Release date: 12-28-08
House of Flame and Shadow,By: Sarah J. Maas,Release date: 01-30-24
Effortless Success for Women,By: Emilio Jeter,Release date: 04-10-25
Voidknight Ascension 4,"By: James T. Callum, K.H. Sohmer",Release date: 09-16-25
Ashes,By: K.G. Reuss,Release date: 08-28-25
Geld verdienen im Online-Geschäft,By: S. R. Brown,Release date: 09-11-25
Defiant Heart,By: M. Tress,Release date: 09-05-25
Glow Up from Within,By: Holly Horrocks,Release date: 06-26-25
Sweet Talk,By: Cara Bastone,Release date: 04-22-21
These Summer Storms,By: Sarah MacLean,Release date: 07-08-25
Warwitch Academy 2,"By: Virgil Knightley, Jay Aury",Release date: 09-04-25
Desperate Measures,By: Craig Alanson,Release date: 08-05-25
Brigands & Breadknives,By: Travis Baldree,Release date: 11-11-25
The History of the Ancient World,By: Susan Wise Bauer,Release date: 08-13-13
All the Way to the River,By: Elizabeth Gilbert,Release date: 09-09-25
The Anxious Generation,By: Jonathan Haidt,Release date: 03-26-24
Final Deployment,By: R S Wilt,Release date: 08-30-25
"My Status as an Assassin Obviously Exceeds the Hero's, Vol. 1",By: 赤井まつり,Release date: 09-12-25
Scythe & Sparrow,By: Brynne Weaver,Release date: 08-04-25
Death Row,By: Freida McFadden,Release date: 06-01-25
A Court of Frost and Starlight,By: Sarah J. Maas,Release date: 05-01-18
The Secret of Secrets,By: Dan Brown,Release date: 09-09-25
The Correspondent,By: Virginia Evans,Release date: 04-29-25
The Ashes and the Star-Cursed King,By: Carissa Broadbent,Release date: 10-24-23
Born Equal,By: Akhil Reed Amar,Release date: 09-16-25
"The Word of Promise Audio Bible—New King James Version, NKJV: Complete Bible",By: Thomas Nelson Inc.,Release date: 11-05-09
Return of the High Mage King 4,By: Shane Hammond,Release date: 09-02-25
Crystal Clear,By: Arvi Aunola,Release date: 06-26-25
The Assassin's Blade,By: Sarah J. Maas,Release date: 04-01-21
Framed in Death,By: J. D. Robb,Release date: 09-02-25
Rich Girl Summer,By: Lily Chu,Release date: 07-10-25
The Contract,By: Rina Saint,Release date: 08-27-25
Sister Wife,By: Christine Brown Woolley,Release date: 09-02-25
Tower Climber,By: Jakob Tanner,Release date: 09-08-25
The Gate of the Feral Gods,By: Matt Dinniman,Release date: 09-16-21
EMP Aftermath,By: Grace Hamilton,Release date: 09-05-25
The God of the Woods,By: Liz Moore,Release date: 07-02-24
The Twisted Women's Book Club,"By: Karin Slaughter, Lee Child, B.A. Paris, Caroline Kepnes, Oyinkan Braithwaite, Sarah Pekkanen, Linwood Barclay, Naomi Hirahara, K. J. Howe, Robert Dugoni, Alison Gaylin, Heather Gudenkauf, Shari Lapena, Clare Mackintosh, Stacy Willingham",Release date: 04-10-25
Defiance of the Fall 4: A LitRPG Adventure,"By: TheFirstDefier, JF Brink",Release date: 02-22-22
Beauty in Hibernation,By: Landolfo Calabrese,Release date: 06-16-25
Anxious Attachment Recovery,By: H. L. Nakamura,Release date: 09-08-25
The Women,By: Kristin Hannah,Release date: 02-06-24
Heir of Fire,By: Sarah J. Maas,Release date: 09-02-21
Ready Player One,By: Ernest Cline,Release date: 08-16-11
We Are Legion (We Are Bob),By: Dennis E. Taylor,Release date: 09-20-16
Hercule Poirot: The Complete Short Stories,By: Agatha Christie,Release date: 08-31-21
Glow Your Own Way: A Beauty Ritual Guide to SPF Silk Hair Skincare for Every Shade Curl and Confidence Level,By: Caleb Kenyon,Release date: 06-26-25
Pride and Prejudice,By: Jane Austen,Release date: 12-08-15
Dark Age,By: Pierce Brown,Release date: 07-31-19
The Last Book Written by a Human,By: Jeff Burningham,Release date: 09-08-25
We Are All Guilty Here,By: Karin Slaughter,Release date: 08-12-25
Remarkably Bright Creatures,By: Shelby Van Pelt,Release date: 05-03-22
From Seed to Cup,By: Atlas Xenoz,Release date: 08-15-25
Private Agenda,By: Christina C. Jones,Release date: 08-08-25
Sweetest Sin,By: Nikki Ash,Release date: 09-05-25
Black Tie and Tails,By: Wen Spencer,Release date: 09-02-25
Renegades,By: Craig Alanson,Release date: 03-26-19
Sunrise on the Reaping,By: Suzanne Collins,Release date: 03-18-25
Credence,"By: Penelope Douglas, Mariona Gastó Jiménez - traductor",Release date: 08-08-25
The Spite Date,By: Pippa Grant,Release date: 09-04-25
The End of All Things: The Complete Series,By: Mike Kraus,Release date: 01-08-25
The Dungeon Anarchist's Cookbook,By: Matt Dinniman,Release date: 05-14-21
Offside,By: Avery Keelan,Release date: 05-16-23
The Nightingale,By: Kristin Hannah,Release date: 02-03-15
"Unsafe, Book 2",By: Christopher Artinian,Release date: 09-09-25
The Laws of Human Nature,By: Robert Greene,Release date: 10-23-18
The Fellowship of the Ring,By: J. R. R. Tolkien,Release date: 10-09-12
A Lesson in Dying,By: Nathan Harrison,Release date: 09-11-25
A Court of Silver Flames,By: Sarah J. Maas,Release date: 02-16-21
Pagan Threat,"By: Lucas Miles, Charlie Kirk - foreword",Release date: 08-21-25
221B,By: Mark D. Ellis,Release date: 09-10-25
Isles of the Emberdark,By: Brandon Sanderson,Release date: 07-10-25
Diary of a Wimpy Kid,By: Jeff Kinney,Release date: 03-10-08
Body Edits Micro Changes,By: Germano Pisano,Release date: 06-16-25
Kingdom of Ash,By: Sarah J. Maas,Release date: 10-23-18
Tower of Dawn,By: Sarah J. Maas,Release date: 09-05-17
The Way of Kings,By: Brandon Sanderson,Release date: 08-31-10
Dune,By: Frank Herbert,Release date: 12-31-06
He Who Fights with Monsters 11: A LitRPG Adventure,"By: Shirtaloon, Travis Deverell",Release date: 07-23-24
Young Rich Widows,"By: Kimberly Belle, Layne Fargo, Cate Holahan, Vanessa Lillie",Release date: 04-14-22
PMHNP-ANCC Exam Prep Study Guide - Ultimate Review to Pass the PMHNP Board Exam - Psychiatric Mental Health Nursing Test Prep to Get Your Certification! Complete Review & Practice Questions Edition,By: Rochelle Cook,Release date: 09-11-25
"Harry Potter and the Deathly Hallows, Book 7",By: J.K. Rowling,Release date: 11-20-15
How to Analyze People and Their Body Language,By: Len Pascall,Release date: 09-11-25
Quicksilver,By: Callie Hart,Release date: 10-29-24
Catching Pretty,By: Sienna Blake,Release date: 09-11-25
Queen of Shadows,By: Sarah J. Maas,Release date: 09-01-15
Never Flinch,By: Stephen King,Release date: 05-27-25
Destined for Danger,By: August Aird,Release date: 09-10-25
Green Cleaning Secrets,By: Sandra Rivas,Release date: 06-09-25
The Body Keeps the Score,By: Bessel van der Kolk M.D.,Release date: 02-16-21
The Will of the Many,By: James Islington,Release date: 05-23-23
A Very Elegant Murder,"By: Karen Baugh Menuhin, Zoe Markham",Release date: 08-29-25
A People's History of the United States,By: Howard Zinn,Release date: 12-14-09
Beyond Her Reach,By: Melinda Leigh,Release date: 09-16-25
The Murder House,"By: James Patterson, David Ellis",Release date: 09-28-15
Start Where You Are,By: Jimmy Willson,Release date: 05-06-24
One Hundred Methods to Motivate Oneself,By: Kilua Jackson,Release date: 05-31-24
CEN Study Guide - Certified Emergency Nurse Exam Test Prep - Ultimate Certified Emergency Nursing Test Prep Blueprint - (Includes Exam Practice Tests) Practice Questions & Complete Review Edition,By: Angie Ortiz,Release date: 09-11-25
A Thief's Gift,By: James Haddock,Release date: 08-26-25
Capri 3.5,By: Jahquel J.,Release date: 09-09-25
How I Became the World's Strongest Warrior by Using Basic Attacks: Volume 2,By: Kenny King,Release date: 09-16-25
Hoh Rainforest,By: Gordon Hempton,Release date: 05-14-20
Cozy Witch Mysteries: Special Edition Box Set of 8 Books,By: Angela Pepper,Release date: 03-13-23
Fashion in a Post Pandemic World,By: Aiyan Watson,Release date: 08-29-25
Dr. Sebi Cure for Herpes,By: Ronald Skeldon,Release date: 07-24-25
The System Arrives: Oakhaven,By: Terry Carter,Release date: 09-02-25
Dragon Riders of Ragond,By: Ava Richardson,Release date: 02-06-25
This Inevitable Ruin,By: Matt Dinniman,Release date: 02-11-25
The Stubborn Skill-Grinder in a Time Loop 2,By: X-RHODEN-X,Release date: 08-13-25
The Making of Jackson Parrish,By: Liv Constantine,Release date: 09-16-25
Heaven's River,By: Dennis E. Taylor,Release date: 09-24-20
Men of Honor Series,By: K.C. Lynn,Release date: 05-31-22
Why We Sleep,By: Matthew Walker,Release date: 10-03-17
Shield of Sparrows (Part 1 of 2) (Dramatized Adaptation),By: Devney Perry,Release date: 12-11-25
X's and O's,By: Elle Thorpe,Release date: 08-20-25
Carl's Doomsday Scenario,By: Matt Dinniman,Release date: 04-22-21
Iron Flame (Part 1 of 2) (Dramatized Adaptation),By: Rebecca Yarros,Release date: 05-17-24
Social Media Marketing,By: Erica Jones,Release date: 08-18-25
Fallout,By: Craig Alanson,Release date: 12-07-21
"Days of Want Series, Books 1-7",By: T. L. Payne,Release date: 01-12-24
"I, Starship, Part 2",By: Scott Bartlett,Release date: 09-03-25
"Harry Potter and the Half-Blood Prince, Book 6",By: J.K. Rowling,Release date: 11-20-15
Till Summer Do Us Part,By: Meghan Quinn,Release date: 06-03-25
The Fallen Ones,"By: K.G. Reuss, J.A. Roles",Release date: 08-12-25
We the People,"By: Russell Razzaque, T. J. MacGregor",Release date: 09-12-25
Make or Break,By: E. J. Noyes,Release date: 08-19-25
Making It So,By: Patrick Stewart,Release date: 10-03-23
The Good Girl Effect,By: Sara Cate,Release date: 09-02-25
Green Beauty Revolution,By: John Hopkins,Release date: 08-07-25
My Best Friend's Ex,By: Meghan Quinn,Release date: 10-10-17
Getting Schooled,By: Emma Chase,Release date: 02-27-18
The Long Walk,By: Stephen King,Release date: 01-01-16
The Friends and Rivals Collection,By: Lauren Blakely,Release date: 09-03-25
Nikola,By: Eva Winners,Release date: 08-28-25
Cocktails & Chloroform/Schemes & Scandals,By: Kelley Armstrong,Release date: 09-09-25
Oathbringer,By: Brandon Sanderson,Release date: 11-14-17
James,By: Percival Everett,Release date: 03-19-24
Obsessively Yours,By: Jamie Applegate Hunter,Release date: 09-16-25
He Who Fights with Monsters 2,"By: Shirtaloon, Travis Deverell",Release date: 05-18-21
Denim & Diamonds,"By: Penelope Ward, Vi Keeland",Release date: 07-27-25
Haunting Adeline,By: H. D. Carlton,Release date: 08-29-22
Blood of Liscor,By: pirateaba,Release date: 11-22-22
Katabasis,By: R. F. Kuang,Release date: 08-26-25
Unleash Your Feminine Energy,By: Eugenia Wilcher,Release date: 09-12-25
The Well of Ascension,By: Brandon Sanderson,Release date: 12-28-08
The Hero of Ages,By: Brandon Sanderson,Release date: 12-30-07
Villains' Vignettes: Volume 2,By: Drew Hayes,Release date: 08-26-25
A Soul of Ash and Blood,By: Jennifer L. Armentrout,Release date: 07-18-23
Five,By: Paulina Ian-Kane,Release date: 09-16-25
Love & Other Killers,By: Brynne Weaver,Release date: 08-12-25
Apocalypse BREAKER: Book 1 of a LitRPG Apocalypse,"By: Aaron Renfroe, Sean Oswald",Release date: 08-14-25
Before War,By: Elisha Daeva,Release date: 06-17-24
The Battle for Earth,"By: Michael Atamanov, Andrew Schmitt - translator",Release date: 09-09-25
The Badge,By: Lena Hendrix,Release date: 08-27-25
Can't Hurt Me,By: David Goggins,Release date: 11-28-18
The Last Light,By: pirateaba,Release date: 11-23-21
Watchers,By: Dean Koontz,Release date: 05-15-18
The General of Izril,By: pirateaba,Release date: 04-26-22
Demon Copperhead,By: Barbara Kingsolver,Release date: 10-18-22
"Heretical Fishing 4: A Cozy Guide to Annoying the Cults, Outsmarting the Fish, and Alienating Oneself",By: Haylock Jobson,Release date: 08-26-25
A Clash of Kings,By: George R.R. Martin,Release date: 12-28-03
The Thursday Murder Club,By: Richard Osman,Release date: 09-22-20
Exiles,By: Mason Coile,Release date: 09-16-25
Dead Center,"By: Joe Manchin, Nick Saban - foreword",Release date: 09-16-25
My Husband's Wife,By: Carla Kovach,Release date: 09-08-25
Hollis,By: Ashley James,Release date: 09-06-25
The Sarvàn,By: Douglass Hoover,Release date: 09-08-25
Lost Light: The Complete Survival Thriller Series Box Set,By: Kyla Stone,Release date: 12-26-24
A Court of Mist and Fury (Part 1 of 2) (Dramatized Adaptation),By: Sarah J. Maas,Release date: 06-01-22
Rhythm of War,By: Brandon Sanderson,Release date: 11-17-20
Only for Tonight,By: Natasha Madison,Release date: 09-12-25
Winter Solstice,By: pirateaba,Release date: 07-27-21
Commander,By: Mel Todd,Release date: 09-11-25
A Wager with a Rake,"By: Christina Diane, Wicked Widows",Release date: 09-12-25
Amazing Winter Hiking,By: Nanette Fong,Release date: 02-12-25
Sufficiently Advanced Magic,By: Andrew Rowe,Release date: 07-04-17
Seatmate,By: Cara Bastone,Release date: 03-24-22
48 Laws of Power,By: Robert Greene,Release date: 05-01-15
Invictus,By: Sean Liscom,Release date: 09-08-25
Papás Sin Ira,By: Alvin Hargreaves,Release date: 09-11-25
The Avatar,By: Jonathan Cahn,Release date: 09-02-25
Project Hail Mary,By: Andy Weir,Release date: 05-04-21
Trust No One,By: Roger Stelljes,Release date: 09-05-25
The Legend of Randidly Ghosthound 11,"By: Noret Flood, puddles4263",Release date: 09-02-25
From Blood and Ash,By: Jennifer L. Armentrout,Release date: 09-08-20
The Summer War,By: Naomi Novik,Release date: 09-16-25
HRCI-PHR/SPHR Exam Study Guide & Test Prep - Complete Review Edition,By: Michael Brock,Release date: 09-10-25
Black AF History,By: Michael Harriot,Release date: 09-19-23
Iron Gold,By: Pierce Brown,Release date: 01-16-18
BookMail,By: Jason Davis,Release date: 09-08-25
The Couple's Secret,By: Lisa Regan,Release date: 09-01-25
Sons of Valor IV: False Flag,"By: Brian Andrews, Jeffrey Wilson",Release date: 07-22-25
C. S. Lewis Essential Audio Library,By: C. S. Lewis,Release date: 09-07-21
The Perfect Divorce,By: Jeneva Rose,Release date: 04-15-25
Wicked,By: Bianca Cole,Release date: 09-03-25
The Hallmarked Man,By: Robert Galbraith,Release date: 09-02-25
The Housemaid,By: Freida McFadden,Release date: 04-26-22
Dreamteller,By: K. D. Shade,Release date: 09-10-25
"North and Shaw: Out of Office, Volume 2",By: Gregory Ashe,Release date: 09-09-25
The Silent King,By: Guy Haley,Release date: 07-12-25
Rolling 75,By: Brandy Hynes,Release date: 09-12-25
Mavericks,By: Craig Alanson,Release date: 09-25-18
FantasticLand,By: Mike Bockoven,Release date: 01-01-17
The Man Who Died Twice,By: Richard Osman,Release date: 09-28-21
Monsters Mayhem & Misfits Omnibus: Books 1-3,"By: Jack Spry, Marcus Sloss",Release date: 09-10-25
Stutter.,By: Ruby Darling,Release date: 07-15-25
The Next Conversation,By: Jefferson Fisher,Release date: 03-18-25
Dreams of Darkness,By: Ashley Bundy,Release date: 09-12-25
Confronting Evil,"By: Bill O'Reilly, Josh Hammer",Release date: 09-09-25
The Frozen River,By: Ariel Lawhon,Release date: 12-05-23
Restarting the Apocalypse,By: Michael Chatfield,Release date: 08-18-25
Atomic Habits,By: James Clear,Release date: 10-16-18
Trapped in a Dating Sim,By: 三嶋与夢,Release date: 09-05-25
"An Irish Village Mystery Bundle, Books 1-3",By: Carlene O'Connor,Release date: 03-08-22
Unhinged,By: Steph Macca,Release date: 05-29-25
The Wolf King,By: Lauren Palphreyman,Release date: 03-25-25
The Picture of Dorian Gray,By: Oscar Wilde,Release date: 10-26-17
The Five Year Lie,By: Sarina Bowen,Release date: 05-07-24
"Sylver Seeker, Books 1-4: A LitRPG Adventure",By: Kennit Kenway,Release date: 01-21-25
Bossy Mogul,By: Scarlett Avery,Release date: 08-07-25
"The Dark Healer, Book 8","By: Alex Toxic, Nadya Lee, Dan Veksler - translator",Release date: 09-30-25
The Wedding People,By: Alison Espach,Release date: 07-30-24
The Things We Cannot Say,By: Kelly Rimmer,Release date: 03-19-19
Man's Search for Meaning,By: Viktor E. Frankl,Release date: 04-09-24
This Ends in Embers,By: Kamilah Cole,Release date: 02-04-25
The Vanishing Place,By: Zoë Rankin,Release date: 09-16-25
Enrolled Agent Exam Study Guide,By: Stanley Walker,Release date: 09-09-25
A Court of Thorns and Roses (10th Anniversary Recording),By: Sarah J. Maas,Release date: 05-30-25
I Will Break You,By: Gigi Styx,Release date: 11-09-24
The Undying Alchemist,By: Greg Tolley,Release date: 09-10-25
Under Your Scars,By: Ariel N. Anderson,Release date: 07-10-25
The Friend,By: Turtleberry,Release date: 07-14-25
He Who Fights with Monsters 4,"By: Shirtaloon, Travis Deverell",Release date: 12-28-21
The Order of Architects: Book 5,"By: Oleg Sapphire, Yuri Vinokuroff, Christopher Michael Jarrett - translator",Release date: 09-30-25
Twenty Years Later,By: Charlie Donlea,Release date: 12-28-21
The Wilderness,By: Angela Flournoy,Release date: 09-16-25
Stop Letting Everything Affect You,By: Daniel Chidiac,Release date: 07-24-25
Bound in Blood,By: Sadie Kincaid,Release date: 06-26-25
Pearl in the Sand: A Novel,By: Tessa Afshar,Release date: 09-08-25
Dating After the End of the World,By: Jeneva Rose,Release date: 10-01-25
A Storm of Swords,By: George R.R. Martin,Release date: 03-11-04
Funny Story,By: Emily Henry,Release date: 04-23-24
The Authority Gap,By: Mary Ann Sieghart,Release date: 02-08-22
Invasion,By: Sean Oswald,Release date: 08-12-25
My Friends,By: Fredrik Backman,Release date: 05-06-25
Gleam,By: Raven Kennedy,Release date: 09-24-24
The Sean Kruger Series Complete Boxed Set,By: J. C. Fields,Release date: 01-29-18
